{"cameraMode":{"drawMode":0,"name":"Shaded","section":"Shading Mode"},"sceneLighting":true,"audioPlay":false,"sceneViewState":{"m_AlwaysRefresh":true,"showFog":true,"showSkybox":true,"showFlares":true,"showImageEffects":true,"showParticleSystems":true,"showVisualEffectGraphs":true,"m_FxEnabled":true},"in2DMode":false,"pivot":{"x":-19.688766479492189,"y":26.972671508789064,"z":-414.08050537109377},"rotation":{"x":-0.20981064438819886,"y":0.5660139322280884,"z":-0.15171732008457185,"w":-0.7827048897743225},"size":130.56822204589845,"orthographic":false}